org.omp4j.benchmark.CppFibonacci;1;20000;dynamic;1429857991486;1429858049285
org.omp4j.benchmark.CppFibonacci;2;20000;dynamic;1429858049288;1429858078232
org.omp4j.benchmark.CppFibonacci;3;20000;dynamic;1429858078234;1429858097540
org.omp4j.benchmark.CppFibonacci;4;20000;dynamic;1429858097542;1429858112069
org.omp4j.benchmark.CppFibonacci;5;20000;dynamic;1429858112071;1429858123678
org.omp4j.benchmark.CppFibonacci;6;20000;dynamic;1429858123680;1429858133360
org.omp4j.benchmark.CppFibonacci;7;20000;dynamic;1429858133362;1429858141658
org.omp4j.benchmark.CppFibonacci;8;20000;dynamic;1429858141660;1429858148951
org.omp4j.benchmark.CppFibonacci;9;20000;dynamic;1429858148953;1429858155519
org.omp4j.benchmark.CppFibonacci;10;20000;dynamic;1429858155522;1429858161334
org.omp4j.benchmark.CppFibonacci;11;20000;dynamic;1429858161336;1429858166636
org.omp4j.benchmark.CppFibonacci;12;20000;dynamic;1429858166639;1429858171488
org.omp4j.benchmark.CppFibonacci;13;20000;dynamic;1429858171491;1429858175978
org.omp4j.benchmark.CppFibonacci;14;20000;dynamic;1429858175980;1429858180179
org.omp4j.benchmark.CppFibonacci;15;20000;dynamic;1429858180182;1429858184070
org.omp4j.benchmark.CppFibonacci;16;20000;dynamic;1429858184072;1429858187730
org.omp4j.benchmark.CppFibonacci;17;20000;dynamic;1429858187733;1429858191172
org.omp4j.benchmark.CppFibonacci;18;20000;dynamic;1429858191175;1429858194420
org.omp4j.benchmark.CppFibonacci;19;20000;dynamic;1429858194423;1429858197498
org.omp4j.benchmark.CppFibonacci;20;20000;dynamic;1429858197500;1429858200426
org.omp4j.benchmark.CppFibonacci;21;20000;dynamic;1429858200428;1429858203217
org.omp4j.benchmark.CppFibonacci;22;20000;dynamic;1429858203220;1429858205882
org.omp4j.benchmark.CppFibonacci;23;20000;dynamic;1429858205886;1429858208432
org.omp4j.benchmark.CppFibonacci;24;20000;dynamic;1429858208434;1429858210957
org.omp4j.benchmark.CppFibonacci;25;20000;dynamic;1429858210959;1429858213462
org.omp4j.benchmark.CppFibonacci;26;20000;dynamic;1429858213466;1429858215945
org.omp4j.benchmark.CppFibonacci;27;20000;dynamic;1429858215948;1429858218355
org.omp4j.benchmark.CppFibonacci;28;20000;dynamic;1429858218358;1429858220745
org.omp4j.benchmark.CppFibonacci;29;20000;dynamic;1429858220748;1429858223116
org.omp4j.benchmark.CppFibonacci;30;20000;dynamic;1429858223119;1429858225473
org.omp4j.benchmark.CppFibonacci;31;20000;dynamic;1429858225477;1429858227811
org.omp4j.benchmark.CppFibonacci;32;20000;dynamic;1429858227814;1429858230133
org.omp4j.benchmark.CppFibonacci;33;20000;dynamic;1429858230136;1429858232434
org.omp4j.benchmark.CppFibonacci;34;20000;dynamic;1429858232437;1429858234714
org.omp4j.benchmark.CppFibonacci;35;20000;dynamic;1429858234718;1429858236985
org.omp4j.benchmark.CppFibonacci;36;20000;dynamic;1429858236988;1429858239238
org.omp4j.benchmark.CppFibonacci;37;20000;dynamic;1429858239242;1429858241471
org.omp4j.benchmark.CppFibonacci;38;20000;dynamic;1429858241474;1429858243687
org.omp4j.benchmark.CppFibonacci;39;20000;dynamic;1429858243691;1429858245893
org.omp4j.benchmark.CppFibonacci;40;20000;dynamic;1429858245895;1429858248076
org.omp4j.benchmark.CppFibonacci;41;20000;dynamic;1429858248079;1429858250248
org.omp4j.benchmark.CppFibonacci;42;20000;dynamic;1429858250251;1429858252408
org.omp4j.benchmark.CppFibonacci;43;20000;dynamic;1429858252411;1429858254551
org.omp4j.benchmark.CppFibonacci;44;20000;dynamic;1429858254553;1429858256682
org.omp4j.benchmark.CppFibonacci;45;20000;dynamic;1429858256686;1429858258799
org.omp4j.benchmark.CppFibonacci;46;20000;dynamic;1429858258802;1429858260899
org.omp4j.benchmark.CppFibonacci;47;20000;dynamic;1429858260902;1429858262981
org.omp4j.benchmark.CppFibonacci;48;20000;dynamic;1429858262983;1429858265062
org.omp4j.benchmark.CppFibonacci;1;20000;dynamic;1429858265254;1429858323023
org.omp4j.benchmark.CppFibonacci;2;20000;dynamic;1429858323026;1429858351995
org.omp4j.benchmark.CppFibonacci;3;20000;dynamic;1429858351997;1429858371300
org.omp4j.benchmark.CppFibonacci;4;20000;dynamic;1429858371302;1429858385804
org.omp4j.benchmark.CppFibonacci;5;20000;dynamic;1429858385806;1429858397416
org.omp4j.benchmark.CppFibonacci;6;20000;dynamic;1429858397418;1429858407120
org.omp4j.benchmark.CppFibonacci;7;20000;dynamic;1429858407122;1429858415435
org.omp4j.benchmark.CppFibonacci;8;20000;dynamic;1429858415437;1429858422700
org.omp4j.benchmark.CppFibonacci;9;20000;dynamic;1429858422702;1429858429212
org.omp4j.benchmark.CppFibonacci;10;20000;dynamic;1429858429214;1429858435049
org.omp4j.benchmark.CppFibonacci;11;20000;dynamic;1429858435051;1429858440338
org.omp4j.benchmark.CppFibonacci;12;20000;dynamic;1429858440340;1429858445199
org.omp4j.benchmark.CppFibonacci;13;20000;dynamic;1429858445202;1429858449699
org.omp4j.benchmark.CppFibonacci;14;20000;dynamic;1429858449701;1429858453888
org.omp4j.benchmark.CppFibonacci;15;20000;dynamic;1429858453890;1429858457780
org.omp4j.benchmark.CppFibonacci;16;20000;dynamic;1429858457782;1429858461461
org.omp4j.benchmark.CppFibonacci;17;20000;dynamic;1429858461463;1429858465016
org.omp4j.benchmark.CppFibonacci;18;20000;dynamic;1429858465018;1429858468345
org.omp4j.benchmark.CppFibonacci;19;20000;dynamic;1429858468347;1429858471446
org.omp4j.benchmark.CppFibonacci;20;20000;dynamic;1429858471448;1429858474388
org.omp4j.benchmark.CppFibonacci;21;20000;dynamic;1429858474390;1429858477188
org.omp4j.benchmark.CppFibonacci;22;20000;dynamic;1429858477191;1429858479856
org.omp4j.benchmark.CppFibonacci;23;20000;dynamic;1429858479858;1429858482408
org.omp4j.benchmark.CppFibonacci;24;20000;dynamic;1429858482410;1429858484940
org.omp4j.benchmark.CppFibonacci;25;20000;dynamic;1429858484943;1429858487458
org.omp4j.benchmark.CppFibonacci;26;20000;dynamic;1429858487461;1429858489898
org.omp4j.benchmark.CppFibonacci;27;20000;dynamic;1429858489901;1429858492310
org.omp4j.benchmark.CppFibonacci;28;20000;dynamic;1429858492313;1429858494702
org.omp4j.benchmark.CppFibonacci;29;20000;dynamic;1429858494705;1429858497072
org.omp4j.benchmark.CppFibonacci;30;20000;dynamic;1429858497075;1429858499434
org.omp4j.benchmark.CppFibonacci;31;20000;dynamic;1429858499437;1429858501793
org.omp4j.benchmark.CppFibonacci;32;20000;dynamic;1429858501796;1429858504155
org.omp4j.benchmark.CppFibonacci;33;20000;dynamic;1429858504158;1429858506498
org.omp4j.benchmark.CppFibonacci;34;20000;dynamic;1429858506500;1429858508819
org.omp4j.benchmark.CppFibonacci;35;20000;dynamic;1429858508821;1429858511117
org.omp4j.benchmark.CppFibonacci;36;20000;dynamic;1429858511119;1429858513394
org.omp4j.benchmark.CppFibonacci;37;20000;dynamic;1429858513397;1429858515652
org.omp4j.benchmark.CppFibonacci;38;20000;dynamic;1429858515655;1429858517895
org.omp4j.benchmark.CppFibonacci;39;20000;dynamic;1429858517898;1429858520114
org.omp4j.benchmark.CppFibonacci;40;20000;dynamic;1429858520117;1429858522313
org.omp4j.benchmark.CppFibonacci;41;20000;dynamic;1429858522316;1429858524494
org.omp4j.benchmark.CppFibonacci;42;20000;dynamic;1429858524497;1429858526647
org.omp4j.benchmark.CppFibonacci;43;20000;dynamic;1429858526649;1429858528785
org.omp4j.benchmark.CppFibonacci;44;20000;dynamic;1429858528788;1429858530911
org.omp4j.benchmark.CppFibonacci;45;20000;dynamic;1429858530913;1429858533019
org.omp4j.benchmark.CppFibonacci;46;20000;dynamic;1429858533022;1429858535115
org.omp4j.benchmark.CppFibonacci;47;20000;dynamic;1429858535118;1429858537199
org.omp4j.benchmark.CppFibonacci;48;20000;dynamic;1429858537202;1429858539280
org.omp4j.benchmark.CppFibonacci;1;20000;dynamic;1429858539472;1429858597251
org.omp4j.benchmark.CppFibonacci;2;20000;dynamic;1429858597254;1429858626190
org.omp4j.benchmark.CppFibonacci;3;20000;dynamic;1429858626192;1429858645502
org.omp4j.benchmark.CppFibonacci;4;20000;dynamic;1429858645504;1429858659996
org.omp4j.benchmark.CppFibonacci;5;20000;dynamic;1429858659999;1429858671618
org.omp4j.benchmark.CppFibonacci;6;20000;dynamic;1429858671620;1429858681337
org.omp4j.benchmark.CppFibonacci;7;20000;dynamic;1429858681339;1429858689659
org.omp4j.benchmark.CppFibonacci;8;20000;dynamic;1429858689661;1429858696935
org.omp4j.benchmark.CppFibonacci;9;20000;dynamic;1429858696937;1429858703406
org.omp4j.benchmark.CppFibonacci;10;20000;dynamic;1429858703408;1429858709227
org.omp4j.benchmark.CppFibonacci;11;20000;dynamic;1429858709229;1429858714526
org.omp4j.benchmark.CppFibonacci;12;20000;dynamic;1429858714528;1429858719381
org.omp4j.benchmark.CppFibonacci;13;20000;dynamic;1429858719383;1429858723860
org.omp4j.benchmark.CppFibonacci;14;20000;dynamic;1429858723862;1429858728028
org.omp4j.benchmark.CppFibonacci;15;20000;dynamic;1429858728031;1429858731915
org.omp4j.benchmark.CppFibonacci;16;20000;dynamic;1429858731918;1429858735567
org.omp4j.benchmark.CppFibonacci;17;20000;dynamic;1429858735570;1429858739011
org.omp4j.benchmark.CppFibonacci;18;20000;dynamic;1429858739013;1429858742272
org.omp4j.benchmark.CppFibonacci;19;20000;dynamic;1429858742274;1429858745354
org.omp4j.benchmark.CppFibonacci;20;20000;dynamic;1429858745357;1429858748283
org.omp4j.benchmark.CppFibonacci;21;20000;dynamic;1429858748286;1429858751075
org.omp4j.benchmark.CppFibonacci;22;20000;dynamic;1429858751077;1429858753742
org.omp4j.benchmark.CppFibonacci;23;20000;dynamic;1429858753744;1429858756290
org.omp4j.benchmark.CppFibonacci;24;20000;dynamic;1429858756293;1429858758813
org.omp4j.benchmark.CppFibonacci;25;20000;dynamic;1429858758815;1429858761320
org.omp4j.benchmark.CppFibonacci;26;20000;dynamic;1429858761323;1429858763747
org.omp4j.benchmark.CppFibonacci;27;20000;dynamic;1429858763751;1429858766157
org.omp4j.benchmark.CppFibonacci;28;20000;dynamic;1429858766159;1429858768548
org.omp4j.benchmark.CppFibonacci;29;20000;dynamic;1429858768552;1429858770921
org.omp4j.benchmark.CppFibonacci;30;20000;dynamic;1429858770924;1429858773277
org.omp4j.benchmark.CppFibonacci;31;20000;dynamic;1429858773280;1429858775612
org.omp4j.benchmark.CppFibonacci;32;20000;dynamic;1429858775615;1429858777929
org.omp4j.benchmark.CppFibonacci;33;20000;dynamic;1429858777931;1429858780229
org.omp4j.benchmark.CppFibonacci;34;20000;dynamic;1429858780232;1429858782511
org.omp4j.benchmark.CppFibonacci;35;20000;dynamic;1429858782514;1429858784777
org.omp4j.benchmark.CppFibonacci;36;20000;dynamic;1429858784780;1429858787027
org.omp4j.benchmark.CppFibonacci;37;20000;dynamic;1429858787030;1429858789262
org.omp4j.benchmark.CppFibonacci;38;20000;dynamic;1429858789266;1429858791482
org.omp4j.benchmark.CppFibonacci;39;20000;dynamic;1429858791485;1429858793689
org.omp4j.benchmark.CppFibonacci;40;20000;dynamic;1429858793691;1429858795876
org.omp4j.benchmark.CppFibonacci;41;20000;dynamic;1429858795879;1429858798051
org.omp4j.benchmark.CppFibonacci;42;20000;dynamic;1429858798053;1429858800202
org.omp4j.benchmark.CppFibonacci;43;20000;dynamic;1429858800205;1429858802349
org.omp4j.benchmark.CppFibonacci;44;20000;dynamic;1429858802352;1429858804478
org.omp4j.benchmark.CppFibonacci;45;20000;dynamic;1429858804481;1429858806589
org.omp4j.benchmark.CppFibonacci;46;20000;dynamic;1429858806593;1429858808687
org.omp4j.benchmark.CppFibonacci;47;20000;dynamic;1429858808690;1429858810773
org.omp4j.benchmark.CppFibonacci;48;20000;dynamic;1429858810776;1429858812854
org.omp4j.benchmark.CppFibonacci;1;20000;dynamic;1429858813046;1429858870943
org.omp4j.benchmark.CppFibonacci;2;20000;dynamic;1429858870946;1429858899903
org.omp4j.benchmark.CppFibonacci;3;20000;dynamic;1429858899905;1429858919216
org.omp4j.benchmark.CppFibonacci;4;20000;dynamic;1429858919218;1429858933756
org.omp4j.benchmark.CppFibonacci;5;20000;dynamic;1429858933758;1429858945359
org.omp4j.benchmark.CppFibonacci;6;20000;dynamic;1429858945361;1429858955057
org.omp4j.benchmark.CppFibonacci;7;20000;dynamic;1429858955059;1429858963382
org.omp4j.benchmark.CppFibonacci;8;20000;dynamic;1429858963384;1429858970658
org.omp4j.benchmark.CppFibonacci;9;20000;dynamic;1429858970660;1429858977125
org.omp4j.benchmark.CppFibonacci;10;20000;dynamic;1429858977127;1429858982954
org.omp4j.benchmark.CppFibonacci;11;20000;dynamic;1429858982956;1429858988259
org.omp4j.benchmark.CppFibonacci;12;20000;dynamic;1429858988261;1429858993119
org.omp4j.benchmark.CppFibonacci;13;20000;dynamic;1429858993121;1429858997607
org.omp4j.benchmark.CppFibonacci;14;20000;dynamic;1429858997609;1429859001770
org.omp4j.benchmark.CppFibonacci;15;20000;dynamic;1429859001772;1429859005667
org.omp4j.benchmark.CppFibonacci;16;20000;dynamic;1429859005669;1429859009319
org.omp4j.benchmark.CppFibonacci;17;20000;dynamic;1429859009322;1429859012771
org.omp4j.benchmark.CppFibonacci;18;20000;dynamic;1429859012773;1429859016050
org.omp4j.benchmark.CppFibonacci;19;20000;dynamic;1429859016053;1429859019136
org.omp4j.benchmark.CppFibonacci;20;20000;dynamic;1429859019139;1429859022062
org.omp4j.benchmark.CppFibonacci;21;20000;dynamic;1429859022064;1429859024858
org.omp4j.benchmark.CppFibonacci;22;20000;dynamic;1429859024860;1429859027539
org.omp4j.benchmark.CppFibonacci;23;20000;dynamic;1429859027542;1429859030107
org.omp4j.benchmark.CppFibonacci;24;20000;dynamic;1429859030111;1429859032635
org.omp4j.benchmark.CppFibonacci;25;20000;dynamic;1429859032638;1429859035137
org.omp4j.benchmark.CppFibonacci;26;20000;dynamic;1429859035140;1429859037570
org.omp4j.benchmark.CppFibonacci;27;20000;dynamic;1429859037574;1429859039981
org.omp4j.benchmark.CppFibonacci;28;20000;dynamic;1429859039984;1429859042371
org.omp4j.benchmark.CppFibonacci;29;20000;dynamic;1429859042374;1429859044784
org.omp4j.benchmark.CppFibonacci;30;20000;dynamic;1429859044788;1429859047180
org.omp4j.benchmark.CppFibonacci;31;20000;dynamic;1429859047183;1429859049557
org.omp4j.benchmark.CppFibonacci;32;20000;dynamic;1429859049559;1429859051913
org.omp4j.benchmark.CppFibonacci;33;20000;dynamic;1429859051916;1429859054253
org.omp4j.benchmark.CppFibonacci;34;20000;dynamic;1429859054256;1429859056563
org.omp4j.benchmark.CppFibonacci;35;20000;dynamic;1429859056565;1429859058860
org.omp4j.benchmark.CppFibonacci;36;20000;dynamic;1429859058862;1429859061140
org.omp4j.benchmark.CppFibonacci;37;20000;dynamic;1429859061143;1429859063404
org.omp4j.benchmark.CppFibonacci;38;20000;dynamic;1429859063406;1429859065643
org.omp4j.benchmark.CppFibonacci;39;20000;dynamic;1429859065646;1429859067863
org.omp4j.benchmark.CppFibonacci;40;20000;dynamic;1429859067865;1429859070072
org.omp4j.benchmark.CppFibonacci;41;20000;dynamic;1429859070075;1429859072256
org.omp4j.benchmark.CppFibonacci;42;20000;dynamic;1429859072259;1429859074430
org.omp4j.benchmark.CppFibonacci;43;20000;dynamic;1429859074433;1429859076579
org.omp4j.benchmark.CppFibonacci;44;20000;dynamic;1429859076582;1429859078709
org.omp4j.benchmark.CppFibonacci;45;20000;dynamic;1429859078711;1429859080824
org.omp4j.benchmark.CppFibonacci;46;20000;dynamic;1429859080827;1429859082929
org.omp4j.benchmark.CppFibonacci;47;20000;dynamic;1429859082932;1429859085013
org.omp4j.benchmark.CppFibonacci;48;20000;dynamic;1429859085016;1429859087091
org.omp4j.benchmark.CppFibonacci;1;20000;dynamic;1429859087281;1429859145059
org.omp4j.benchmark.CppFibonacci;2;20000;dynamic;1429859145062;1429859174013
org.omp4j.benchmark.CppFibonacci;3;20000;dynamic;1429859174016;1429859193325
org.omp4j.benchmark.CppFibonacci;4;20000;dynamic;1429859193328;1429859207850
org.omp4j.benchmark.CppFibonacci;5;20000;dynamic;1429859207852;1429859219478
org.omp4j.benchmark.CppFibonacci;6;20000;dynamic;1429859219480;1429859229169
org.omp4j.benchmark.CppFibonacci;7;20000;dynamic;1429859229171;1429859237468
org.omp4j.benchmark.CppFibonacci;8;20000;dynamic;1429859237470;1429859244751
org.omp4j.benchmark.CppFibonacci;9;20000;dynamic;1429859244753;1429859251228
org.omp4j.benchmark.CppFibonacci;10;20000;dynamic;1429859251230;1429859257040
org.omp4j.benchmark.CppFibonacci;11;20000;dynamic;1429859257042;1429859262346
org.omp4j.benchmark.CppFibonacci;12;20000;dynamic;1429859262348;1429859267204
org.omp4j.benchmark.CppFibonacci;13;20000;dynamic;1429859267206;1429859271691
org.omp4j.benchmark.CppFibonacci;14;20000;dynamic;1429859271694;1429859275857
org.omp4j.benchmark.CppFibonacci;15;20000;dynamic;1429859275859;1429859279743
org.omp4j.benchmark.CppFibonacci;16;20000;dynamic;1429859279745;1429859283399
org.omp4j.benchmark.CppFibonacci;17;20000;dynamic;1429859283401;1429859286838
org.omp4j.benchmark.CppFibonacci;18;20000;dynamic;1429859286841;1429859290091
org.omp4j.benchmark.CppFibonacci;19;20000;dynamic;1429859290094;1429859293181
org.omp4j.benchmark.CppFibonacci;20;20000;dynamic;1429859293183;1429859296118
org.omp4j.benchmark.CppFibonacci;21;20000;dynamic;1429859296122;1429859298931
org.omp4j.benchmark.CppFibonacci;22;20000;dynamic;1429859298933;1429859301666
org.omp4j.benchmark.CppFibonacci;23;20000;dynamic;1429859301669;1429859304249
org.omp4j.benchmark.CppFibonacci;24;20000;dynamic;1429859304253;1429859306790
org.omp4j.benchmark.CppFibonacci;25;20000;dynamic;1429859306793;1429859309296
org.omp4j.benchmark.CppFibonacci;26;20000;dynamic;1429859309299;1429859311779
org.omp4j.benchmark.CppFibonacci;27;20000;dynamic;1429859311781;1429859314239
org.omp4j.benchmark.CppFibonacci;28;20000;dynamic;1429859314242;1429859316679
org.omp4j.benchmark.CppFibonacci;29;20000;dynamic;1429859316681;1429859319093
org.omp4j.benchmark.CppFibonacci;30;20000;dynamic;1429859319097;1429859321499
org.omp4j.benchmark.CppFibonacci;31;20000;dynamic;1429859321502;1429859323880
org.omp4j.benchmark.CppFibonacci;32;20000;dynamic;1429859323883;1429859326232
org.omp4j.benchmark.CppFibonacci;33;20000;dynamic;1429859326234;1429859328566
org.omp4j.benchmark.CppFibonacci;34;20000;dynamic;1429859328569;1429859330877
org.omp4j.benchmark.CppFibonacci;35;20000;dynamic;1429859330880;1429859333169
org.omp4j.benchmark.CppFibonacci;36;20000;dynamic;1429859333172;1429859335442
org.omp4j.benchmark.CppFibonacci;37;20000;dynamic;1429859335444;1429859337695
org.omp4j.benchmark.CppFibonacci;38;20000;dynamic;1429859337698;1429859339932
org.omp4j.benchmark.CppFibonacci;39;20000;dynamic;1429859339935;1429859342147
org.omp4j.benchmark.CppFibonacci;40;20000;dynamic;1429859342151;1429859344334
org.omp4j.benchmark.CppFibonacci;41;20000;dynamic;1429859344338;1429859346512
org.omp4j.benchmark.CppFibonacci;42;20000;dynamic;1429859346515;1429859348669
org.omp4j.benchmark.CppFibonacci;43;20000;dynamic;1429859348672;1429859350806
org.omp4j.benchmark.CppFibonacci;44;20000;dynamic;1429859350809;1429859352939
org.omp4j.benchmark.CppFibonacci;45;20000;dynamic;1429859352941;1429859355057
org.omp4j.benchmark.CppFibonacci;46;20000;dynamic;1429859355060;1429859357161
org.omp4j.benchmark.CppFibonacci;47;20000;dynamic;1429859357164;1429859359247
org.omp4j.benchmark.CppFibonacci;48;20000;dynamic;1429859359250;1429859361327
org.omp4j.benchmark.CppFibonacci;1;20000;dynamic;1429859361518;1429859419312
org.omp4j.benchmark.CppFibonacci;2;20000;dynamic;1429859419315;1429859448252
org.omp4j.benchmark.CppFibonacci;3;20000;dynamic;1429859448255;1429859467563
org.omp4j.benchmark.CppFibonacci;4;20000;dynamic;1429859467566;1429859482118
org.omp4j.benchmark.CppFibonacci;5;20000;dynamic;1429859482120;1429859493778
org.omp4j.benchmark.CppFibonacci;6;20000;dynamic;1429859493780;1429859503491
org.omp4j.benchmark.CppFibonacci;7;20000;dynamic;1429859503493;1429859511823
org.omp4j.benchmark.CppFibonacci;8;20000;dynamic;1429859511825;1429859519102
org.omp4j.benchmark.CppFibonacci;9;20000;dynamic;1429859519104;1429859525569
org.omp4j.benchmark.CppFibonacci;10;20000;dynamic;1429859525571;1429859531388
org.omp4j.benchmark.CppFibonacci;11;20000;dynamic;1429859531390;1429859536705
org.omp4j.benchmark.CppFibonacci;12;20000;dynamic;1429859536708;1429859541556
org.omp4j.benchmark.CppFibonacci;13;20000;dynamic;1429859541558;1429859546038
org.omp4j.benchmark.CppFibonacci;14;20000;dynamic;1429859546040;1429859550208
org.omp4j.benchmark.CppFibonacci;15;20000;dynamic;1429859550210;1429859554107
org.omp4j.benchmark.CppFibonacci;16;20000;dynamic;1429859554109;1429859557759
org.omp4j.benchmark.CppFibonacci;17;20000;dynamic;1429859557761;1429859561192
org.omp4j.benchmark.CppFibonacci;18;20000;dynamic;1429859561195;1429859564444
org.omp4j.benchmark.CppFibonacci;19;20000;dynamic;1429859564447;1429859567519
org.omp4j.benchmark.CppFibonacci;20;20000;dynamic;1429859567521;1429859570449
org.omp4j.benchmark.CppFibonacci;21;20000;dynamic;1429859570451;1429859573241
org.omp4j.benchmark.CppFibonacci;22;20000;dynamic;1429859573243;1429859575908
org.omp4j.benchmark.CppFibonacci;23;20000;dynamic;1429859575911;1429859578458
org.omp4j.benchmark.CppFibonacci;24;20000;dynamic;1429859578461;1429859580981
org.omp4j.benchmark.CppFibonacci;25;20000;dynamic;1429859580984;1429859583437
org.omp4j.benchmark.CppFibonacci;26;20000;dynamic;1429859583439;1429859585921
org.omp4j.benchmark.CppFibonacci;27;20000;dynamic;1429859585924;1429859588332
org.omp4j.benchmark.CppFibonacci;28;20000;dynamic;1429859588335;1429859590723
org.omp4j.benchmark.CppFibonacci;29;20000;dynamic;1429859590726;1429859593097
org.omp4j.benchmark.CppFibonacci;30;20000;dynamic;1429859593099;1429859595449
org.omp4j.benchmark.CppFibonacci;31;20000;dynamic;1429859595451;1429859597787
org.omp4j.benchmark.CppFibonacci;32;20000;dynamic;1429859597790;1429859600113
org.omp4j.benchmark.CppFibonacci;33;20000;dynamic;1429859600116;1429859602423
org.omp4j.benchmark.CppFibonacci;34;20000;dynamic;1429859602427;1429859604717
org.omp4j.benchmark.CppFibonacci;35;20000;dynamic;1429859604719;1429859606991
org.omp4j.benchmark.CppFibonacci;36;20000;dynamic;1429859606993;1429859609246
org.omp4j.benchmark.CppFibonacci;37;20000;dynamic;1429859609249;1429859611489
org.omp4j.benchmark.CppFibonacci;38;20000;dynamic;1429859611491;1429859613715
org.omp4j.benchmark.CppFibonacci;39;20000;dynamic;1429859613718;1429859615928
org.omp4j.benchmark.CppFibonacci;40;20000;dynamic;1429859615930;1429859618121
org.omp4j.benchmark.CppFibonacci;41;20000;dynamic;1429859618123;1429859620293
org.omp4j.benchmark.CppFibonacci;42;20000;dynamic;1429859620295;1429859622450
org.omp4j.benchmark.CppFibonacci;43;20000;dynamic;1429859622453;1429859624592
org.omp4j.benchmark.CppFibonacci;44;20000;dynamic;1429859624595;1429859626722
org.omp4j.benchmark.CppFibonacci;45;20000;dynamic;1429859626725;1429859628840
org.omp4j.benchmark.CppFibonacci;46;20000;dynamic;1429859628843;1429859630939
org.omp4j.benchmark.CppFibonacci;47;20000;dynamic;1429859630943;1429859633021
org.omp4j.benchmark.CppFibonacci;48;20000;dynamic;1429859633025;1429859635101
org.omp4j.benchmark.CppFibonacci;1;20000;dynamic;1429859635292;1429859693075
org.omp4j.benchmark.CppFibonacci;2;20000;dynamic;1429859693077;1429859722045
org.omp4j.benchmark.CppFibonacci;3;20000;dynamic;1429859722047;1429859741344
org.omp4j.benchmark.CppFibonacci;4;20000;dynamic;1429859741346;1429859755825
org.omp4j.benchmark.CppFibonacci;5;20000;dynamic;1429859755827;1429859767423
org.omp4j.benchmark.CppFibonacci;6;20000;dynamic;1429859767425;1429859777696
org.omp4j.benchmark.CppFibonacci;7;20000;dynamic;1429859777698;1429859785987
org.omp4j.benchmark.CppFibonacci;8;20000;dynamic;1429859785989;1429859793244
org.omp4j.benchmark.CppFibonacci;9;20000;dynamic;1429859793246;1429859799710
org.omp4j.benchmark.CppFibonacci;10;20000;dynamic;1429859799712;1429859805521
org.omp4j.benchmark.CppFibonacci;11;20000;dynamic;1429859805523;1429859810807
org.omp4j.benchmark.CppFibonacci;12;20000;dynamic;1429859810810;1429859815798
org.omp4j.benchmark.CppFibonacci;13;20000;dynamic;1429859815800;1429859820278
org.omp4j.benchmark.CppFibonacci;14;20000;dynamic;1429859820281;1429859824438
org.omp4j.benchmark.CppFibonacci;15;20000;dynamic;1429859824441;1429859828321
org.omp4j.benchmark.CppFibonacci;16;20000;dynamic;1429859828324;1429859832040
org.omp4j.benchmark.CppFibonacci;17;20000;dynamic;1429859832042;1429859835545
org.omp4j.benchmark.CppFibonacci;18;20000;dynamic;1429859835547;1429859838979
org.omp4j.benchmark.CppFibonacci;19;20000;dynamic;1429859838981;1429859842051
org.omp4j.benchmark.CppFibonacci;20;20000;dynamic;1429859842055;1429859844975
org.omp4j.benchmark.CppFibonacci;21;20000;dynamic;1429859844977;1429859847762
org.omp4j.benchmark.CppFibonacci;22;20000;dynamic;1429859847766;1429859850426
org.omp4j.benchmark.CppFibonacci;23;20000;dynamic;1429859850429;1429859852975
org.omp4j.benchmark.CppFibonacci;24;20000;dynamic;1429859852978;1429859855496
org.omp4j.benchmark.CppFibonacci;25;20000;dynamic;1429859855498;1429859858005
org.omp4j.benchmark.CppFibonacci;26;20000;dynamic;1429859858008;1429859860438
org.omp4j.benchmark.CppFibonacci;27;20000;dynamic;1429859860442;1429859862861
org.omp4j.benchmark.CppFibonacci;28;20000;dynamic;1429859862863;1429859865250
org.omp4j.benchmark.CppFibonacci;29;20000;dynamic;1429859865253;1429859867627
org.omp4j.benchmark.CppFibonacci;30;20000;dynamic;1429859867630;1429859869979
org.omp4j.benchmark.CppFibonacci;31;20000;dynamic;1429859869982;1429859872319
org.omp4j.benchmark.CppFibonacci;32;20000;dynamic;1429859872322;1429859874641
org.omp4j.benchmark.CppFibonacci;33;20000;dynamic;1429859874644;1429859876946
org.omp4j.benchmark.CppFibonacci;34;20000;dynamic;1429859876949;1429859879228
org.omp4j.benchmark.CppFibonacci;35;20000;dynamic;1429859879231;1429859881507
org.omp4j.benchmark.CppFibonacci;36;20000;dynamic;1429859881510;1429859883757
org.omp4j.benchmark.CppFibonacci;37;20000;dynamic;1429859883759;1429859885989
org.omp4j.benchmark.CppFibonacci;38;20000;dynamic;1429859885992;1429859888212
org.omp4j.benchmark.CppFibonacci;39;20000;dynamic;1429859888215;1429859890411
org.omp4j.benchmark.CppFibonacci;40;20000;dynamic;1429859890415;1429859892606
org.omp4j.benchmark.CppFibonacci;41;20000;dynamic;1429859892608;1429859894792
org.omp4j.benchmark.CppFibonacci;42;20000;dynamic;1429859894794;1429859896966
org.omp4j.benchmark.CppFibonacci;43;20000;dynamic;1429859896969;1429859899115
org.omp4j.benchmark.CppFibonacci;44;20000;dynamic;1429859899119;1429859901248
org.omp4j.benchmark.CppFibonacci;45;20000;dynamic;1429859901251;1429859903359
org.omp4j.benchmark.CppFibonacci;46;20000;dynamic;1429859903362;1429859905468
org.omp4j.benchmark.CppFibonacci;47;20000;dynamic;1429859905470;1429859907561
org.omp4j.benchmark.CppFibonacci;48;20000;dynamic;1429859907563;1429859909640
org.omp4j.benchmark.CppFibonacci;1;20000;dynamic;1429859909831;1429859967641
org.omp4j.benchmark.CppFibonacci;2;20000;dynamic;1429859967643;1429859996573
org.omp4j.benchmark.CppFibonacci;3;20000;dynamic;1429859996575;1429860015881
org.omp4j.benchmark.CppFibonacci;4;20000;dynamic;1429860015883;1429860030411
org.omp4j.benchmark.CppFibonacci;5;20000;dynamic;1429860030413;1429860042222
org.omp4j.benchmark.CppFibonacci;6;20000;dynamic;1429860042224;1429860051992
org.omp4j.benchmark.CppFibonacci;7;20000;dynamic;1429860051994;1429860060323
org.omp4j.benchmark.CppFibonacci;8;20000;dynamic;1429860060325;1429860067592
org.omp4j.benchmark.CppFibonacci;9;20000;dynamic;1429860067594;1429860074079
org.omp4j.benchmark.CppFibonacci;10;20000;dynamic;1429860074081;1429860079968
org.omp4j.benchmark.CppFibonacci;11;20000;dynamic;1429860079970;1429860085275
org.omp4j.benchmark.CppFibonacci;12;20000;dynamic;1429860085277;1429860090148
org.omp4j.benchmark.CppFibonacci;13;20000;dynamic;1429860090150;1429860094668
org.omp4j.benchmark.CppFibonacci;14;20000;dynamic;1429860094671;1429860098836
org.omp4j.benchmark.CppFibonacci;15;20000;dynamic;1429860098838;1429860102730
org.omp4j.benchmark.CppFibonacci;16;20000;dynamic;1429860102732;1429860106397
org.omp4j.benchmark.CppFibonacci;17;20000;dynamic;1429860106399;1429860109843
org.omp4j.benchmark.CppFibonacci;18;20000;dynamic;1429860109846;1429860113104
org.omp4j.benchmark.CppFibonacci;19;20000;dynamic;1429860113107;1429860116197
org.omp4j.benchmark.CppFibonacci;20;20000;dynamic;1429860116199;1429860119157
org.omp4j.benchmark.CppFibonacci;21;20000;dynamic;1429860119160;1429860121950
org.omp4j.benchmark.CppFibonacci;22;20000;dynamic;1429860121952;1429860124618
org.omp4j.benchmark.CppFibonacci;23;20000;dynamic;1429860124621;1429860127169
org.omp4j.benchmark.CppFibonacci;24;20000;dynamic;1429860127172;1429860129706
org.omp4j.benchmark.CppFibonacci;25;20000;dynamic;1429860129709;1429860132208
org.omp4j.benchmark.CppFibonacci;26;20000;dynamic;1429860132212;1429860134691
org.omp4j.benchmark.CppFibonacci;27;20000;dynamic;1429860134694;1429860137152
org.omp4j.benchmark.CppFibonacci;28;20000;dynamic;1429860137155;1429860139588
org.omp4j.benchmark.CppFibonacci;29;20000;dynamic;1429860139590;1429860142006
org.omp4j.benchmark.CppFibonacci;30;20000;dynamic;1429860142009;1429860144404
org.omp4j.benchmark.CppFibonacci;31;20000;dynamic;1429860144406;1429860146782
org.omp4j.benchmark.CppFibonacci;32;20000;dynamic;1429860146785;1429860149144
org.omp4j.benchmark.CppFibonacci;33;20000;dynamic;1429860149148;1429860151487
org.omp4j.benchmark.CppFibonacci;34;20000;dynamic;1429860151491;1429860153810
org.omp4j.benchmark.CppFibonacci;35;20000;dynamic;1429860153814;1429860156103
org.omp4j.benchmark.CppFibonacci;36;20000;dynamic;1429860156105;1429860158382
org.omp4j.benchmark.CppFibonacci;37;20000;dynamic;1429860158384;1429860160644
org.omp4j.benchmark.CppFibonacci;38;20000;dynamic;1429860160646;1429860162888
org.omp4j.benchmark.CppFibonacci;39;20000;dynamic;1429860162891;1429860165113
org.omp4j.benchmark.CppFibonacci;40;20000;dynamic;1429860165116;1429860167315
org.omp4j.benchmark.CppFibonacci;41;20000;dynamic;1429860167319;1429860169504
org.omp4j.benchmark.CppFibonacci;42;20000;dynamic;1429860169507;1429860171673
org.omp4j.benchmark.CppFibonacci;43;20000;dynamic;1429860171675;1429860173827
org.omp4j.benchmark.CppFibonacci;44;20000;dynamic;1429860173830;1429860175960
org.omp4j.benchmark.CppFibonacci;45;20000;dynamic;1429860175962;1429860178071
org.omp4j.benchmark.CppFibonacci;46;20000;dynamic;1429860178074;1429860180169
org.omp4j.benchmark.CppFibonacci;47;20000;dynamic;1429860180172;1429860182252
org.omp4j.benchmark.CppFibonacci;48;20000;dynamic;1429860182255;1429860184330
org.omp4j.benchmark.CppFibonacci;1;20000;dynamic;1429860184520;1429860242327
org.omp4j.benchmark.CppFibonacci;2;20000;dynamic;1429860242329;1429860271364
org.omp4j.benchmark.CppFibonacci;3;20000;dynamic;1429860271366;1429860290667
org.omp4j.benchmark.CppFibonacci;4;20000;dynamic;1429860290669;1429860305182
org.omp4j.benchmark.CppFibonacci;5;20000;dynamic;1429860305183;1429860316806
org.omp4j.benchmark.CppFibonacci;6;20000;dynamic;1429860316808;1429860326656
org.omp4j.benchmark.CppFibonacci;7;20000;dynamic;1429860326659;1429860334958
org.omp4j.benchmark.CppFibonacci;8;20000;dynamic;1429860334960;1429860342222
org.omp4j.benchmark.CppFibonacci;9;20000;dynamic;1429860342224;1429860348677
org.omp4j.benchmark.CppFibonacci;10;20000;dynamic;1429860348679;1429860354504
org.omp4j.benchmark.CppFibonacci;11;20000;dynamic;1429860354507;1429860359799
org.omp4j.benchmark.CppFibonacci;12;20000;dynamic;1429860359801;1429860364661
org.omp4j.benchmark.CppFibonacci;13;20000;dynamic;1429860364663;1429860369140
org.omp4j.benchmark.CppFibonacci;14;20000;dynamic;1429860369142;1429860373300
org.omp4j.benchmark.CppFibonacci;15;20000;dynamic;1429860373303;1429860377186
org.omp4j.benchmark.CppFibonacci;16;20000;dynamic;1429860377189;1429860380839
org.omp4j.benchmark.CppFibonacci;17;20000;dynamic;1429860380841;1429860384271
org.omp4j.benchmark.CppFibonacci;18;20000;dynamic;1429860384273;1429860387517
org.omp4j.benchmark.CppFibonacci;19;20000;dynamic;1429860387520;1429860390598
org.omp4j.benchmark.CppFibonacci;20;20000;dynamic;1429860390601;1429860393523
org.omp4j.benchmark.CppFibonacci;21;20000;dynamic;1429860393526;1429860396315
org.omp4j.benchmark.CppFibonacci;22;20000;dynamic;1429860396318;1429860398979
org.omp4j.benchmark.CppFibonacci;23;20000;dynamic;1429860398982;1429860401529
org.omp4j.benchmark.CppFibonacci;24;20000;dynamic;1429860401531;1429860404060
org.omp4j.benchmark.CppFibonacci;25;20000;dynamic;1429860404063;1429860406567
org.omp4j.benchmark.CppFibonacci;26;20000;dynamic;1429860406569;1429860409062
org.omp4j.benchmark.CppFibonacci;27;20000;dynamic;1429860409065;1429860411469
org.omp4j.benchmark.CppFibonacci;28;20000;dynamic;1429860411471;1429860413867
org.omp4j.benchmark.CppFibonacci;29;20000;dynamic;1429860413870;1429860416237
org.omp4j.benchmark.CppFibonacci;30;20000;dynamic;1429860416240;1429860418597
org.omp4j.benchmark.CppFibonacci;31;20000;dynamic;1429860418600;1429860420968
org.omp4j.benchmark.CppFibonacci;32;20000;dynamic;1429860420970;1429860423314
org.omp4j.benchmark.CppFibonacci;33;20000;dynamic;1429860423317;1429860425651
org.omp4j.benchmark.CppFibonacci;34;20000;dynamic;1429860425655;1429860427975
org.omp4j.benchmark.CppFibonacci;35;20000;dynamic;1429860427978;1429860430270
org.omp4j.benchmark.CppFibonacci;36;20000;dynamic;1429860430272;1429860432543
org.omp4j.benchmark.CppFibonacci;37;20000;dynamic;1429860432545;1429860434805
org.omp4j.benchmark.CppFibonacci;38;20000;dynamic;1429860434808;1429860437048
org.omp4j.benchmark.CppFibonacci;39;20000;dynamic;1429860437051;1429860439273
org.omp4j.benchmark.CppFibonacci;40;20000;dynamic;1429860439276;1429860441477
org.omp4j.benchmark.CppFibonacci;41;20000;dynamic;1429860441480;1429860443665
org.omp4j.benchmark.CppFibonacci;42;20000;dynamic;1429860443670;1429860445839
org.omp4j.benchmark.CppFibonacci;43;20000;dynamic;1429860445843;1429860447985
org.omp4j.benchmark.CppFibonacci;44;20000;dynamic;1429860447988;1429860450108
org.omp4j.benchmark.CppFibonacci;45;20000;dynamic;1429860450111;1429860452220
org.omp4j.benchmark.CppFibonacci;46;20000;dynamic;1429860452224;1429860454314
org.omp4j.benchmark.CppFibonacci;47;20000;dynamic;1429860454317;1429860456409
org.omp4j.benchmark.CppFibonacci;48;20000;dynamic;1429860456412;1429860458489
org.omp4j.benchmark.CppFibonacci;1;20000;dynamic;1429860458683;1429860516486
org.omp4j.benchmark.CppFibonacci;2;20000;dynamic;1429860516488;1429860545435
org.omp4j.benchmark.CppFibonacci;3;20000;dynamic;1429860545438;1429860564751
org.omp4j.benchmark.CppFibonacci;4;20000;dynamic;1429860564753;1429860579263
org.omp4j.benchmark.CppFibonacci;5;20000;dynamic;1429860579265;1429860590867
org.omp4j.benchmark.CppFibonacci;6;20000;dynamic;1429860590869;1429860600553
org.omp4j.benchmark.CppFibonacci;7;20000;dynamic;1429860600556;1429860608855
org.omp4j.benchmark.CppFibonacci;8;20000;dynamic;1429860608857;1429860616126
org.omp4j.benchmark.CppFibonacci;9;20000;dynamic;1429860616128;1429860622585
org.omp4j.benchmark.CppFibonacci;10;20000;dynamic;1429860622587;1429860628401
org.omp4j.benchmark.CppFibonacci;11;20000;dynamic;1429860628404;1429860633698
org.omp4j.benchmark.CppFibonacci;12;20000;dynamic;1429860633700;1429860638566
org.omp4j.benchmark.CppFibonacci;13;20000;dynamic;1429860638568;1429860643053
org.omp4j.benchmark.CppFibonacci;14;20000;dynamic;1429860643055;1429860647230
org.omp4j.benchmark.CppFibonacci;15;20000;dynamic;1429860647232;1429860651130
org.omp4j.benchmark.CppFibonacci;16;20000;dynamic;1429860651132;1429860654794
org.omp4j.benchmark.CppFibonacci;17;20000;dynamic;1429860654797;1429860658231
org.omp4j.benchmark.CppFibonacci;18;20000;dynamic;1429860658233;1429860661491
org.omp4j.benchmark.CppFibonacci;19;20000;dynamic;1429860661493;1429860664578
org.omp4j.benchmark.CppFibonacci;20;20000;dynamic;1429860664581;1429860667510
org.omp4j.benchmark.CppFibonacci;21;20000;dynamic;1429860667512;1429860670304
org.omp4j.benchmark.CppFibonacci;22;20000;dynamic;1429860670306;1429860672981
org.omp4j.benchmark.CppFibonacci;23;20000;dynamic;1429860672983;1429860675534
org.omp4j.benchmark.CppFibonacci;24;20000;dynamic;1429860675537;1429860678061
org.omp4j.benchmark.CppFibonacci;25;20000;dynamic;1429860678064;1429860680569
org.omp4j.benchmark.CppFibonacci;26;20000;dynamic;1429860680571;1429860683003
org.omp4j.benchmark.CppFibonacci;27;20000;dynamic;1429860683007;1429860685417
org.omp4j.benchmark.CppFibonacci;28;20000;dynamic;1429860685421;1429860687814
org.omp4j.benchmark.CppFibonacci;29;20000;dynamic;1429860687817;1429860690189
org.omp4j.benchmark.CppFibonacci;30;20000;dynamic;1429860690193;1429860692553
org.omp4j.benchmark.CppFibonacci;31;20000;dynamic;1429860692557;1429860694889
org.omp4j.benchmark.CppFibonacci;32;20000;dynamic;1429860694892;1429860697209
org.omp4j.benchmark.CppFibonacci;33;20000;dynamic;1429860697213;1429860699512
org.omp4j.benchmark.CppFibonacci;34;20000;dynamic;1429860699515;1429860701796
org.omp4j.benchmark.CppFibonacci;35;20000;dynamic;1429860701798;1429860704060
org.omp4j.benchmark.CppFibonacci;36;20000;dynamic;1429860704063;1429860706315
org.omp4j.benchmark.CppFibonacci;37;20000;dynamic;1429860706319;1429860708550
org.omp4j.benchmark.CppFibonacci;38;20000;dynamic;1429860708552;1429860710770
org.omp4j.benchmark.CppFibonacci;39;20000;dynamic;1429860710772;1429860712972
org.omp4j.benchmark.CppFibonacci;40;20000;dynamic;1429860712975;1429860715155
org.omp4j.benchmark.CppFibonacci;41;20000;dynamic;1429860715158;1429860717328
org.omp4j.benchmark.CppFibonacci;42;20000;dynamic;1429860717331;1429860719482
org.omp4j.benchmark.CppFibonacci;43;20000;dynamic;1429860719486;1429860721621
org.omp4j.benchmark.CppFibonacci;44;20000;dynamic;1429860721624;1429860723746
org.omp4j.benchmark.CppFibonacci;45;20000;dynamic;1429860723749;1429860725870
org.omp4j.benchmark.CppFibonacci;46;20000;dynamic;1429860725874;1429860727970
org.omp4j.benchmark.CppFibonacci;47;20000;dynamic;1429860727973;1429860730053
org.omp4j.benchmark.CppFibonacci;48;20000;dynamic;1429860730056;1429860732134
