org.omp4j.benchmark.ParallelFor;8;100;dynamic;7.071981
org.omp4j.benchmark.ParallelFor;8;500;dynamic;7.196303
org.omp4j.benchmark.ParallelFor;8;1000;dynamic;7.253610
org.omp4j.benchmark.ParallelFor;8;100;dynamic;7.066083
org.omp4j.benchmark.ParallelFor;8;500;dynamic;7.200191
org.omp4j.benchmark.ParallelFor;8;1000;dynamic;7.249204
org.omp4j.benchmark.ParallelFor;8;100;dynamic;7.030827
org.omp4j.benchmark.ParallelFor;8;500;dynamic;7.228792
org.omp4j.benchmark.ParallelFor;8;1000;dynamic;7.239047
org.omp4j.benchmark.ParallelFor;8;100;dynamic;7.047489
org.omp4j.benchmark.ParallelFor;8;500;dynamic;7.207137
org.omp4j.benchmark.ParallelFor;8;1000;dynamic;7.260772
org.omp4j.benchmark.ParallelFor;8;100;dynamic;7.065307
org.omp4j.benchmark.ParallelFor;8;500;dynamic;7.203307
org.omp4j.benchmark.ParallelFor;8;1000;dynamic;7.253285
org.omp4j.benchmark.ParallelFor;8;100;dynamic;7.066879
org.omp4j.benchmark.ParallelFor;8;500;dynamic;7.224396
org.omp4j.benchmark.ParallelFor;8;1000;dynamic;7.272524
org.omp4j.benchmark.ParallelFor;8;100;dynamic;7.045690
org.omp4j.benchmark.ParallelFor;8;500;dynamic;7.208527
org.omp4j.benchmark.ParallelFor;8;1000;dynamic;7.247701
org.omp4j.benchmark.ParallelFor;8;100;dynamic;7.040038
org.omp4j.benchmark.ParallelFor;8;500;dynamic;7.230561
org.omp4j.benchmark.ParallelFor;8;1000;dynamic;7.236550
org.omp4j.benchmark.ParallelFor;8;100;dynamic;7.034446
org.omp4j.benchmark.ParallelFor;8;500;dynamic;7.203998
org.omp4j.benchmark.ParallelFor;8;1000;dynamic;7.250426
org.omp4j.benchmark.ParallelFor;8;100;dynamic;7.070866
org.omp4j.benchmark.ParallelFor;8;500;dynamic;7.216890
org.omp4j.benchmark.ParallelFor;8;1000;dynamic;7.249871
